Server Status,Data Progress,Network Traffic (MB/s),Request Size (MB),Threshold,Server Load,Response Time (ms),Priority (0/1)
s2,inprogress,86.55,44.09,0.77,medium,359,1
s3,inprogress,37.39,346.07,0.95,low,200,0
s6,complete,33.81,109.68,0.78,low,447,1
s5,inprogress,45.27,283.95,0.92,low,408,1
s4,complete,74.16,99.97,0.91,medium,320,1
s2,inprogress,90.13,55.85,1.43,low,166,0
s5,complete,89.67,376.48,1.27,low,211,0
s7,complete,27.92,142.79,1.45,medium,51,1
s7,inprogress,86.57,73.39,1.61,low,450,0
s5,complete,7.87,415.84,0.63,high,257,0
s3,inprogress,62.24,457.48,0.55,medium,351,1
s6,inprogress,59.69,196.81,0.56,high,424,1
s4,inprogress,69.93,378.86,1.45,medium,103,0
s2,complete,86.49,281.24,0.84,medium,439,0
s7,complete,79.87,329.51,1.29,high,493,1
s6,complete,72.36,328.3,1.47,low,475,1
s3,complete,36.11,280.27,0.7,low,410,0
s5,complete,39.98,131.0,1.17,medium,161,1
s3,inprogress,23.24,35.78,1.34,low,156,0
s5,inprogress,31.26,209.25,0.84,high,408,0
s1,complete,82.18,230.59,0.68,high,498,0
s7,inprogress,31.33,293.18,1.0,low,402,1
s4,inprogress,41.26,319.52,1.3,high,445,1
s1,inprogress,34.04,291.63,1.34,medium,432,0
s1,inprogress,65.15,271.72,0.88,low,384,0
s3,inprogress,69.23,62.41,0.84,high,408,0
s1,complete,48.35,299.33,1.44,low,145,1
s3,inprogress,2.67,85.67,0.59,low,145,0
s4,inprogress,18.58,490.71,1.65,low,345,0
s1,complete,78.76,208.78,1.24,low,294,0
s2,inprogress,42.23,89.16,0.82,medium,431,1
s6,complete,88.75,214.36,1.23,medium,464,1
s6,inprogress,33.48,284.97,1.46,high,262,0
s3,inprogress,65.1,399.03,0.85,medium,471,0
s6,complete,30.07,385.94,0.77,low,119,0
s2,inprogress,53.36,373.07,1.23,medium,80,0
s1,inprogress,22.06,207.35,1.17,low,151,0
s3,complete,32.87,113.99,1.47,medium,61,0
s2,inprogress,27.51,337.9,1.2,medium,344,1
s6,complete,74.87,416.52,1.06,low,377,0
s5,inprogress,84.86,312.69,0.95,high,138,0
s4,inprogress,93.68,108.42,0.75,medium,362,0
s7,complete,13.12,168.96,1.46,medium,107,1
s2,inprogress,56.29,136.93,0.58,low,410,0
s2,inprogress,32.31,200.54,1.29,high,230,1
s4,complete,27.88,15.24,1.01,high,274,0
s6,complete,71.05,445.36,0.64,low,241,1
s1,inprogress,57.88,396.58,1.27,low,91,0
s2,complete,82.64,154.79,0.76,low,373,1
s3,complete,99.54,172.49,1.27,low,209,1
s5,complete,93.06,161.48,0.52,low,151,0
s1,inprogress,92.28,203.77,1.49,medium,490,0
s5,complete,32.54,165.84,0.53,high,469,0
s2,complete,69.37,59.61,0.78,low,58,0
s6,inprogress,12.94,213.33,1.35,high,274,1
s4,complete,89.25,159.88,1.49,high,384,1
s7,complete,26.33,280.96,1.07,low,166,0
s2,complete,75.84,243.22,0.69,low,448,1
s4,complete,9.56,362.9,1.05,medium,229,1
s6,inprogress,51.3,308.76,0.8,low,65,0
s3,complete,17.87,267.73,1.03,high,134,1
s2,complete,73.21,82.65,0.59,high,488,1
s1,inprogress,91.71,332.47,1.33,high,177,1
s5,inprogress,5.81,405.62,1.1,medium,308,1
s6,inprogress,84.28,220.42,0.55,low,469,1
s2,complete,13.02,392.3,1.18,medium,99,0
s2,inprogress,55.16,237.37,0.88,high,171,1
s1,complete,42.96,287.76,0.87,medium,264,1
s3,inprogress,13.43,215.84,1.16,high,145,0
s6,complete,3.2,161.38,0.64,low,145,0
s6,complete,45.09,355.56,0.61,high,282,1
s2,complete,63.25,33.39,0.58,low,282,1
s6,inprogress,75.22,87.81,0.69,high,282,1
s1,complete,80.28,303.72,0.8,medium,155,0
s2,complete,39.7,345.5,1.25,high,428,1
s2,complete,51.67,418.16,0.84,low,175,1
s3,complete,37.15,104.88,1.22,high,241,0
s6,complete,13.74,380.7,0.59,high,92,0
s6,complete,30.61,374.64,1.42,high,380,1
s2,inprogress,65.87,78.94,0.9,high,480,1
s1,inprogress,47.8,13.19,0.67,high,414,0
s1,complete,88.73,171.71,0.62,medium,286,0
s2,complete,8.84,413.59,0.61,low,62,0
s4,complete,10.61,162.47,0.9,low,289,0
s5,inprogress,18.09,411.06,0.88,high,281,0
s3,complete,13.15,387.23,0.85,medium,145,1
s7,inprogress,25.02,214.2,1.01,high,301,0
s1,inprogress,18.6,141.47,1.14,medium,82,0
s1,inprogress,46.1,325.51,0.87,low,491,0
s2,complete,62.15,131.33,0.68,low,359,1
s5,complete,91.04,458.55,0.72,medium,490,1
s7,inprogress,64.91,186.41,1.06,medium,94,0
s5,complete,9.1,335.24,0.66,medium,100,0
s4,complete,1.01,380.59,1.41,low,326,0
s3,complete,74.67,28.18,1.13,medium,227,1
s4,inprogress,71.98,470.82,0.52,high,86,1
s1,inprogress,81.66,297.15,0.61,low,370,1
s6,complete,20.85,137.17,1.17,high,105,0
s7,inprogress,95.59,488.51,1.36,low,90,1
s2,complete,66.79,319.57,0.87,medium,323,0
s7,inprogress,7.29,260.75,0.6,low,115,1
s2,complete,29.47,324.01,0.56,high,335,0
s3,inprogress,18.69,248.69,1.18,high,223,1
s1,complete,52.89,357.51,1.3,high,263,0
s5,complete,12.63,31.33,0.59,low,290,1
s5,complete,41.28,361.81,0.55,medium,95,0
s6,complete,48.73,301.33,0.71,low,144,1
s1,inprogress,6.61,53.77,1.13,low,164,0
s7,inprogress,21.96,177.85,1.02,high,147,1
s4,complete,15.85,412.74,0.97,medium,373,1
s1,inprogress,57.1,168.24,0.56,low,473,0
s7,complete,70.31,373.88,1.22,low,478,0
s1,complete,43.74,100.41,0.6,low,415,0
s4,inprogress,50.36,448.75,1.32,high,297,1
s4,inprogress,4.45,214.16,0.66,low,410,0
s6,inprogress,12.08,144.33,1.23,high,226,1
s3,complete,91.05,68.65,1.39,medium,485,1
s6,inprogress,70.23,314.28,0.63,low,342,0
s1,complete,28.52,467.78,1.33,low,468,0
s7,complete,28.19,488.53,1.33,medium,407,1
s5,inprogress,35.95,455.36,0.93,medium,98,0
s4,inprogress,52.61,309.53,1.28,low,478,1
s2,complete,86.89,37.42,0.53,high,223,1
s4,inprogress,36.14,124.34,1.13,high,443,0
s2,complete,8.42,412.35,0.53,high,336,0
s2,complete,93.33,287.79,0.85,high,485,0
s2,complete,9.52,24.14,0.54,medium,166,1
s4,inprogress,37.38,255.86,1.04,high,173,0
s3,complete,56.28,226.79,0.78,high,172,0
s6,inprogress,43.03,349.47,0.72,high,308,1
s5,complete,18.14,67.99,0.95,medium,58,1
s2,complete,29.56,181.47,0.63,high,212,1
s1,inprogress,51.9,468.61,0.84,medium,421,1
s3,inprogress,2.81,200.96,1.34,low,348,1
s7,complete,3.45,105.87,0.64,low,439,0
s5,inprogress,68.14,115.35,1.14,medium,140,0
s2,inprogress,30.73,462.45,1.41,low,449,0
s2,complete,19.25,430.4,1.4,high,94,1
s1,complete,34.53,117.69,1.2,low,419,1
s7,inprogress,62.12,331.49,1.44,high,351,1
s2,inprogress,14.0,370.2,0.55,low,459,1
s4,inprogress,26.65,410.86,0.91,high,118,0
s1,inprogress,81.52,293.65,1.37,low,82,1
s2,complete,49.55,433.22,0.52,medium,393,0
s3,complete,93.6,341.58,1.18,low,241,1
s6,complete,78.94,219.85,0.88,high,387,1
s2,complete,95.2,347.65,1.07,low,191,0
s6,inprogress,46.01,91.46,1.01,medium,339,1
s3,complete,40.5,177.04,1.35,medium,456,1
s2,inprogress,12.46,214.49,1.27,low,200,0
s3,complete,57.15,13.85,0.75,low,341,0
s4,inprogress,26.27,36.23,0.55,high,382,1
s5,complete,58.64,74.68,0.52,high,164,1
s3,inprogress,95.88,449.64,0.83,high,282,1
s5,inprogress,24.38,454.75,0.56,high,94,1
s2,inprogress,58.93,341.87,1.28,low,154,0
s5,complete,33.41,90.09,0.78,low,390,0
s2,complete,37.77,144.07,1.49,medium,373,1
s7,complete,34.63,202.84,0.56,high,358,1
s1,complete,58.85,352.91,0.88,low,398,1
s7,complete,28.32,208.25,1.11,low,125,1
s1,complete,88.58,195.94,1.08,low,330,0
s5,inprogress,69.88,137.0,1.24,low,293,1
s1,complete,63.63,79.93,1.33,low,383,1
s3,inprogress,63.95,401.25,0.69,medium,455,0
s5,inprogress,18.81,141.13,1.13,high,73,0
s1,inprogress,3.21,320.07,1.23,high,136,1
s3,complete,35.08,453.45,1.31,medium,72,1
s4,inprogress,22.24,285.1,0.69,medium,58,0
s5,inprogress,94.96,217.38,0.76,low,258,0
s1,complete,33.34,318.33,0.61,high,188,0
s2,inprogress,89.62,328.76,0.66,high,237,1
s3,inprogress,44.17,342.58,0.6,low,342,1
s6,inprogress,10.65,363.15,1.23,high,50,1
s3,complete,47.38,99.78,1.42,medium,262,0
s6,inprogress,38.37,364.22,1.22,high,115,1
s6,inprogress,57.91,119.97,1.07,high,140,0
s1,complete,69.18,182.42,0.96,medium,93,0
s1,inprogress,0.54,472.83,0.86,high,121,0
s5,complete,73.04,163.2,0.67,low,79,1
s1,inprogress,12.72,267.11,0.63,medium,425,1
s2,complete,61.46,240.92,1.35,medium,207,1
s6,inprogress,27.86,305.72,0.95,high,73,1
s1,complete,98.69,70.32,1.27,medium,297,0
s3,inprogress,70.74,398.59,1.26,low,112,1
s3,inprogress,66.81,405.12,0.84,medium,492,0
s5,complete,47.64,183.21,0.85,high,470,0
s7,inprogress,51.15,460.47,1.39,high,241,1
s1,inprogress,84.53,172.04,0.51,medium,266,0
s3,complete,56.45,80.59,0.81,low,470,0
s4,complete,87.27,328.6,0.52,low,168,1
s2,complete,0.9,216.66,1.43,high,157,1
s1,complete,21.04,355.23,0.95,medium,325,1
s4,inprogress,96.21,349.97,1.16,low,333,1
s4,complete,31.12,50.18,1.08,low,379,1
s7,inprogress,79.67,357.57,1.09,low,295,1
s3,inprogress,15.2,210.2,1.5,high,490,0
s7,inprogress,88.02,381.86,0.84,medium,479,0
s2,complete,25.83,236.82,0.75,medium,243,1
s6,inprogress,67.28,246.43,1.36,low,241,1
s6,complete,74.13,486.37,1.48,high,257,0
s3,inprogress,67.43,358.86,0.79,high,361,0
s5,inprogress,54.5,76.38,1.47,medium,440,1
s2,complete,74.45,415.67,1.49,medium,174,0
s7,inprogress,51.58,491.69,1.24,medium,358,1
s4,complete,32.51,462.54,0.76,high,472,1
s7,inprogress,84.12,106.05,0.91,high,351,0
s4,inprogress,93.42,240.02,1.12,high,451,0
s6,complete,63.4,319.1,0.85,low,239,1
s2,inprogress,655.0,726.0,9.0,medium,88,1
s3,inprogress,163.0,571.0,3.0,low,438,0
s6,complete,236.0,417.0,5.0,low,32,0
s5,inprogress,448.0,708.0,6.0,low,362,0
s4,complete,393.0,522.0,9.0,medium,88,0
s2,inprogress,302.0,73.0,3.0,low,131,0
s5,complete,12.0,807.0,2.0,low,340,1
s7,complete,726.0,780.0,3.0,medium,170,1
s7,inprogress,681.0,417.0,1.0,low,22,0
s5,complete,210.0,389.0,3.0,high,876,1
s3,inprogress,163.0,175.0,9.0,medium,212,1
s6,inprogress,266.0,711.0,2.0,high,137,0
s4,inprogress,52.0,676.0,5.0,medium,772,1
s2,complete,634.0,263.0,6.0,medium,239,0
s7,complete,34.0,525.0,3.0,high,408,0
s6,complete,479.0,672.0,5.0,low,144,0
s3,complete,668.0,673.0,5.0,low,899,1
s5,complete,479.0,686.0,2.0,medium,86,1
s3,inprogress,730.0,572.0,4.0,low,506,1
s5,inprogress,780.0,175.0,9.0,high,382,1
s1,complete,385.0,662.0,5.0,high,491,0
s7,inprogress,741.0,288.0,8.0,low,886,1
s4,inprogress,146.0,764.0,1.0,high,816,0
s1,inprogress,113.0,131.0,4.0,medium,329,1
s1,inprogress,499.0,230.0,8.0,low,682,0
s3,inprogress,294.0,165.0,8.0,high,273,0
s1,complete,533.0,767.0,5.0,low,765,0
s3,inprogress,364.0,313.0,1.0,low,636,0
s4,inprogress,49.0,243.0,9.0,low,645,0
s1,complete,621.0,870.0,9.0,low,63,1
s2,inprogress,33.0,254.0,4.0,medium,829,0
s6,complete,722.0,672.0,8.0,medium,441,0
s6,inprogress,355.0,386.0,5.0,high,718,1
s3,inprogress,427.0,665.0,9.0,medium,310,0
s6,complete,669.0,237.0,8.0,low,177,1
s2,inprogress,38.0,325.0,8.0,medium,217,0
s1,inprogress,669.0,475.0,7.0,low,730,1
s3,complete,631.0,508.0,7.0,medium,473,0
s2,inprogress,686.0,661.0,5.0,medium,453,1
s6,complete,788.0,897.0,5.0,low,140,1
s5,inprogress,565.0,598.0,6.0,high,328,0
s4,inprogress,142.0,264.0,2.0,medium,132,0
s7,complete,671.0,94.0,7.0,medium,433,0
s2,inprogress,112.0,766.0,5.0,low,301,0
s2,inprogress,321.0,572.0,6.0,high,593,1
s4,complete,551.0,194.0,4.0,high,394,1
s6,complete,231.0,764.0,5.0,low,597,1
s1,inprogress,658.0,275.0,5.0,low,233,1
s2,complete,51.0,754.0,2.0,low,135,1
s3,complete,276.0,870.0,5.0,low,734,0
s5,complete,159.0,586.0,5.0,low,273,0
s1,inprogress,411.0,687.0,5.0,medium,826,1
s5,complete,612.0,786.0,8.0,high,77,0
s2,complete,695.0,22.0,1.0,low,634,0
s6,inprogress,202.0,687.0,1.0,high,262,0
s4,complete,353.0,257.0,1.0,high,677,0
s7,complete,105.0,346.0,2.0,low,334,1
s2,complete,526.0,395.0,5.0,low,375,0
s4,complete,144.0,475.0,3.0,medium,156,1
s6,inprogress,513.0,98.0,1.0,low,452,0
s3,complete,115.0,679.0,1.0,high,659,0
s2,complete,48.0,497.0,8.0,high,894,0
s1,inprogress,312.0,897.0,7.0,high,804,1
s5,inprogress,587.0,200.0,5.0,medium,62,0
s6,inprogress,89.0,419.0,3.0,low,568,0
s2,complete,142.0,97.0,5.0,medium,783,1
s2,inprogress,354.0,298.0,7.0,high,681,1
s1,complete,365.0,841.0,1.0,medium,650,1
s3,inprogress,748.0,534.0,3.0,high,790,0
s6,complete,492.0,217.0,9.0,low,593,1
s6,complete,495.0,838.0,5.0,high,288,0
s2,complete,617.0,417.0,9.0,low,571,0
s6,inprogress,334.0,171.0,1.0,high,787,1
s1,complete,364.0,391.0,9.0,medium,877,1
s2,complete,92.0,338.0,2.0,high,309,0
s2,complete,681.0,53.0,9.0,low,435,1
s3,complete,562.0,228.0,8.0,high,766,0
s6,complete,587.0,460.0,9.0,high,445,1
s6,complete,700.0,678.0,9.0,high,581,1
s2,inprogress,10.0,839.0,6.0,high,770,1
s1,inprogress,527.0,491.0,7.0,high,98,1
s1,complete,710.0,508.0,7.0,medium,891,0
s2,complete,138.0,888.0,8.0,low,164,1
s4,complete,361.0,353.0,2.0,low,721,1
s5,inprogress,15.0,706.0,6.0,high,353,0
s3,complete,489.0,657.0,2.0,medium,783,1
s7,inprogress,551.0,373.0,9.0,high,484,0
s1,inprogress,752.0,681.0,1.0,medium,744,0
s1,inprogress,199.0,482.0,3.0,low,493,1
s2,complete,41.0,782.0,5.0,low,792,1
s5,complete,674.0,685.0,5.0,medium,437,0
s7,inprogress,181.0,244.0,7.0,medium,765,1
s5,complete,470.0,312.0,1.0,medium,505,1
s4,complete,352.0,260.0,6.0,low,637,1
s3,complete,591.0,653.0,1.0,medium,508,0
s4,inprogress,71.0,391.0,5.0,high,176,0
s1,inprogress,673.0,399.0,8.0,low,447,0
s6,complete,32.0,105.0,4.0,high,113,1
s7,inprogress,663.0,563.0,6.0,low,813,0
s2,complete,714.0,431.0,5.0,medium,730,1
s7,inprogress,215.0,392.0,8.0,low,345,0
s2,complete,13.0,34.0,6.0,high,147,1
s3,inprogress,332.0,713.0,5.0,high,532,0
s1,complete,265.0,26.0,2.0,high,806,0
s5,complete,354.0,200.0,1.0,low,816,1
s5,complete,647.0,749.0,4.0,medium,529,1
s6,complete,39.0,318.0,1.0,low,263,0
s1,inprogress,264.0,55.0,8.0,low,657,1
s7,inprogress,306.0,520.0,2.0,high,482,1
s4,complete,355.0,67.0,3.0,medium,606,1
s1,inprogress,307.0,184.0,7.0,low,115,1
s7,complete,267.0,37.0,3.0,low,420,0
s1,complete,404.0,671.0,2.0,low,797,0
s4,inprogress,180.0,219.0,1.0,high,333,0
s4,inprogress,233.0,168.0,8.0,low,129,1
s6,inprogress,547.0,885.0,5.0,high,432,0
s3,complete,460.0,580.0,5.0,medium,208,1
s6,inprogress,751.0,54.0,5.0,low,890,1
s1,complete,84.0,268.0,1.0,low,486,0
s7,complete,307.0,546.0,1.0,medium,865,1
s5,inprogress,165.0,819.0,8.0,medium,292,1
s4,inprogress,714.0,874.0,4.0,low,369,0
s2,complete,202.0,109.0,9.0,high,188,1
s4,inprogress,298.0,205.0,1.0,high,328,1
s2,complete,430.0,444.0,1.0,high,775,1
s2,complete,656.0,839.0,4.0,high,119,0
s2,complete,401.0,496.0,8.0,medium,328,1
s4,inprogress,484.0,226.0,3.0,high,607,1
s3,complete,782.0,760.0,8.0,high,84,1
s6,inprogress,520.0,705.0,5.0,high,194,0
s5,complete,653.0,163.0,2.0,medium,743,1
s2,complete,615.0,806.0,2.0,high,134,1
s1,inprogress,523.0,470.0,9.0,medium,46,0
s3,inprogress,89.0,750.0,2.0,low,867,0
s7,complete,418.0,799.0,4.0,low,681,1
s5,inprogress,783.0,528.0,6.0,medium,281,1
s2,inprogress,131.0,819.0,3.0,low,147,0
s2,complete,417.0,576.0,4.0,high,375,0
s1,complete,779.0,445.0,7.0,low,440,1
s7,inprogress,99.0,100.0,7.0,high,187,0
s2,inprogress,711.0,438.0,7.0,low,172,0
s4,inprogress,280.0,357.0,4.0,high,166,1
s1,inprogress,115.0,771.0,1.0,low,816,0
s2,complete,325.0,496.0,9.0,medium,804,1
s3,complete,475.0,598.0,5.0,low,276,1
s6,complete,429.0,127.0,9.0,high,100,1
s2,complete,505.0,297.0,3.0,low,761,1
s6,inprogress,225.0,298.0,5.0,medium,436,0
s3,complete,538.0,870.0,7.0,medium,591,1
s2,inprogress,628.0,540.0,4.0,low,169,1
s3,complete,246.0,649.0,2.0,low,321,0
s4,inprogress,475.0,664.0,6.0,high,591,0
s5,complete,767.0,460.0,6.0,high,722,1
s3,inprogress,760.0,391.0,8.0,high,488,0
s5,inprogress,253.0,687.0,4.0,high,495,0
s2,inprogress,237.0,899.0,1.0,low,514,0
s5,complete,609.0,641.0,8.0,low,572,1
s2,complete,97.0,814.0,3.0,medium,274,1
s7,complete,166.0,463.0,6.0,high,823,1
s1,complete,115.0,446.0,8.0,low,268,1
s7,complete,413.0,633.0,4.0,low,230,0
s1,complete,685.0,593.0,8.0,low,878,0
s5,inprogress,28.0,533.0,8.0,low,350,1
s1,complete,548.0,714.0,2.0,low,61,0
s3,inprogress,319.0,281.0,5.0,medium,84,0
s5,inprogress,308.0,454.0,6.0,high,748,1
s1,inprogress,610.0,500.0,9.0,high,888,0
s3,complete,513.0,612.0,5.0,medium,184,0
s4,inprogress,732.0,304.0,2.0,medium,50,0
s5,inprogress,656.0,388.0,1.0,low,687,0
s1,complete,567.0,172.0,7.0,high,413,1
s2,inprogress,289.0,195.0,2.0,high,16,0
s3,inprogress,320.0,604.0,1.0,low,800,1
s6,inprogress,224.0,158.0,4.0,high,100,1
s3,complete,151.0,172.0,7.0,medium,400,0
s6,inprogress,145.0,153.0,7.0,high,709,0
s6,inprogress,754.0,176.0,2.0,high,897,1
s1,complete,674.0,778.0,9.0,medium,601,1
s1,inprogress,358.0,318.0,6.0,high,360,1
s5,complete,91.0,794.0,9.0,low,636,0
s1,inprogress,282.0,505.0,6.0,medium,614,1
s2,complete,414.0,88.0,9.0,medium,821,1
s6,inprogress,529.0,251.0,7.0,high,621,1
s1,complete,430.0,189.0,4.0,medium,144,1
s3,inprogress,237.0,534.0,3.0,low,539,0
s3,inprogress,719.0,262.0,9.0,medium,148,1
s5,complete,687.0,784.0,2.0,high,589,0
s7,inprogress,797.0,723.0,3.0,high,551,1
s1,inprogress,623.0,558.0,3.0,medium,672,0
s3,complete,462.0,593.0,1.0,low,617,0
s4,complete,441.0,608.0,1.0,low,829,0
s2,complete,717.0,263.0,6.0,high,766,0
s1,complete,673.0,68.0,2.0,medium,52,1
s4,inprogress,214.0,135.0,9.0,low,321,0
s4,complete,733.0,78.0,1.0,low,725,1
s7,inprogress,504.0,94.0,7.0,low,12,1
s3,inprogress,184.0,107.0,9.0,high,173,0
s7,inprogress,288.0,132.0,4.0,medium,585,0
s2,complete,708.0,737.0,3.0,medium,542,1
s6,inprogress,376.0,180.0,5.0,low,540,1
s6,complete,785.0,525.0,1.0,high,610,1
s3,inprogress,500.0,410.0,2.0,high,661,1
s5,inprogress,553.0,257.0,1.0,medium,237,0
s2,complete,145.0,239.0,7.0,medium,475,0
s7,inprogress,135.0,49.0,5.0,medium,824,0
s4,complete,713.0,515.0,7.0,high,62,0
s7,inprogress,50.0,741.0,8.0,high,684,1
s4,inprogress,148.0,547.0,5.0,high,869,1
s6,complete,97.0,315.0,9.0,low,119,0
s2,inprogress,43.0,492.0,8.0,medium,801,1
s3,inprogress,360.0,560.0,8.0,low,445,1
s6,complete,410.0,74.0,3.0,low,681,0
s5,inprogress,233.0,97.0,7.0,low,646,0
s4,complete,334.0,874.0,9.0,medium,761,1
s2,inprogress,334.0,222.0,6.0,low,536,0
s5,complete,164.0,161.0,9.0,low,783,0
s7,complete,518.0,415.0,4.0,medium,183,1
s7,inprogress,522.0,798.0,7.0,low,595,0
s5,complete,736.0,49.0,6.0,high,81,0
s3,inprogress,796.0,839.0,8.0,medium,599,0
s6,inprogress,252.0,880.0,1.0,high,603,0
s4,inprogress,188.0,894.0,2.0,medium,765,0
s2,complete,389.0,280.0,6.0,medium,389,0
s7,complete,240.0,324.0,4.0,high,619,1
s6,complete,81.0,315.0,9.0,low,265,0
s3,complete,463.0,314.0,4.0,low,394,1
s5,complete,468.0,531.0,9.0,medium,622,1
s3,inprogress,125.0,510.0,3.0,low,396,1
s5,inprogress,554.0,184.0,2.0,high,489,1
s1,complete,142.0,619.0,6.0,high,234,1
s7,inprogress,753.0,700.0,9.0,low,179,1
s4,inprogress,30.0,349.0,5.0,high,40,0
s1,inprogress,124.0,744.0,9.0,medium,92,0
s1,inprogress,31.0,187.0,5.0,low,176,0
s3,inprogress,158.0,104.0,7.0,high,123,1
s1,complete,481.0,521.0,6.0,low,253,1
s3,inprogress,624.0,775.0,4.0,low,219,1
s4,inprogress,327.0,493.0,5.0,low,798,0
s1,complete,793.0,125.0,7.0,low,680,1
s2,inprogress,569.0,613.0,7.0,medium,622,0
s6,complete,50.0,521.0,8.0,medium,381,0
s6,inprogress,698.0,245.0,8.0,high,369,1
s3,inprogress,659.0,277.0,8.0,medium,420,1
s6,complete,499.0,464.0,1.0,low,216,0
s2,inprogress,200.0,319.0,1.0,medium,295,0
s1,inprogress,659.0,335.0,7.0,low,656,1
s3,complete,405.0,492.0,4.0,medium,216,0
s2,inprogress,57.0,197.0,9.0,medium,762,1
s6,complete,339.0,810.0,2.0,low,400,0
s5,inprogress,304.0,805.0,8.0,high,535,0
s4,inprogress,400.0,96.0,6.0,medium,761,1
s7,complete,373.0,156.0,9.0,medium,613,1
s2,inprogress,299.0,52.0,2.0,low,704,1
s2,inprogress,218.0,559.0,3.0,high,896,0
s4,complete,404.0,514.0,7.0,high,135,1
s6,complete,393.0,479.0,6.0,low,46,1
s1,inprogress,14.0,39.0,7.0,low,307,1
s2,complete,375.0,604.0,5.0,low,115,0
s3,complete,722.0,275.0,6.0,low,348,0
s5,complete,241.0,611.0,7.0,low,484,1
s1,inprogress,361.0,498.0,5.0,medium,28,1
s5,complete,573.0,892.0,3.0,high,439,1
s2,complete,380.0,791.0,8.0,low,236,1
s6,inprogress,378.0,363.0,5.0,high,10,0
s4,complete,41.0,197.0,6.0,high,362,0
s7,complete,460.0,74.0,5.0,low,66,0
s2,complete,200.0,133.0,2.0,low,324,1
s4,complete,641.0,697.0,3.0,medium,711,1
s6,inprogress,371.0,660.0,7.0,low,78,0
s3,complete,140.0,690.0,9.0,high,771,0
s2,complete,174.0,481.0,5.0,high,692,1
s1,inprogress,670.0,183.0,7.0,high,198,1
s5,inprogress,791.0,296.0,4.0,medium,757,0
s6,inprogress,788.0,766.0,2.0,low,292,1
s2,complete,358.0,320.0,7.0,medium,337,0
s2,inprogress,474.0,877.0,1.0,high,499,0
s1,complete,351.0,296.0,3.0,medium,155,0
s3,inprogress,191.0,416.0,5.0,high,398,0
s6,complete,45.0,158.0,8.0,low,379,1
s6,complete,200.0,271.0,6.0,high,779,1
s2,complete,108.0,638.0,8.0,low,354,0
s6,inprogress,439.0,434.0,6.0,high,643,0
s1,complete,367.0,575.0,2.0,medium,143,0
s2,complete,365.0,274.0,1.0,high,648,1
s2,complete,261.0,886.0,8.0,low,379,0
s3,complete,377.0,508.0,3.0,high,517,1
s6,complete,648.0,108.0,8.0,high,162,0
s6,complete,690.0,683.0,3.0,high,30,1
s2,inprogress,422.0,249.0,4.0,high,63,0
s1,inprogress,452.0,524.0,4.0,high,27,0
s1,complete,248.0,714.0,6.0,medium,275,0
s2,complete,576.0,162.0,1.0,low,473,0
s4,complete,124.0,503.0,4.0,low,135,1
s5,inprogress,665.0,415.0,1.0,high,875,0
s3,complete,771.0,93.0,7.0,medium,695,1
s7,inprogress,694.0,336.0,4.0,high,366,1
s1,inprogress,678.0,428.0,6.0,medium,185,0
s1,inprogress,504.0,444.0,4.0,low,719,1
s2,complete,150.0,802.0,4.0,low,238,1
s5,complete,604.0,279.0,6.0,medium,226,1
s7,inprogress,246.0,323.0,9.0,medium,337,0
s5,complete,439.0,531.0,9.0,medium,168,1
s4,complete,528.0,536.0,3.0,low,671,1
s3,complete,634.0,642.0,6.0,medium,171,0
s4,inprogress,450.0,862.0,8.0,high,632,0
s1,inprogress,726.0,371.0,3.0,low,496,0
s6,complete,540.0,837.0,3.0,high,675,0
s7,inprogress,518.0,55.0,7.0,low,469,0
s2,complete,774.0,299.0,9.0,medium,224,1
s7,inprogress,769.0,492.0,9.0,low,445,1
s2,complete,766.0,349.0,1.0,high,431,1
s3,inprogress,674.0,76.0,3.0,high,617,0
s1,complete,519.0,300.0,6.0,high,364,1
s5,complete,526.0,243.0,4.0,low,652,1
s5,complete,437.0,274.0,2.0,medium,817,1
s6,complete,616.0,485.0,7.0,low,887,1
s1,inprogress,160.0,607.0,9.0,low,768,1
s7,inprogress,45.0,841.0,4.0,high,642,1
s4,complete,176.0,501.0,9.0,medium,387,0
s1,inprogress,226.0,784.0,2.0,low,501,0
s7,complete,261.0,395.0,2.0,low,102,0
s1,complete,361.0,648.0,1.0,low,706,1
s4,inprogress,345.0,146.0,5.0,high,137,0
s4,inprogress,179.0,786.0,7.0,low,549,1
s6,inprogress,782.0,127.0,3.0,high,884,1
s3,complete,766.0,436.0,6.0,medium,54,1
s6,inprogress,579.0,272.0,2.0,low,518,1
s1,complete,655.0,274.0,2.0,low,798,0
s7,complete,153.0,226.0,4.0,medium,372,1
s5,inprogress,409.0,813.0,7.0,medium,154,1
s4,inprogress,31.0,500.0,4.0,low,106,0
s2,complete,729.0,132.0,7.0,high,93,0
s4,inprogress,666.0,883.0,4.0,high,678,0
s2,complete,136.0,302.0,5.0,high,35,1
s2,complete,455.0,658.0,7.0,high,290,0
s2,complete,250.0,553.0,8.0,medium,17,0
s4,inprogress,760.0,122.0,1.0,high,543,0
s3,complete,93.0,499.0,8.0,high,176,0
s6,inprogress,591.0,243.0,1.0,high,260,1
s5,complete,175.0,694.0,4.0,medium,123,1
s2,complete,544.0,702.0,3.0,high,763,1
s1,inprogress,69.0,352.0,8.0,medium,836,0
s3,inprogress,153.0,212.0,3.0,low,222,1
s7,complete,763.0,333.0,5.0,low,269,1
s5,inprogress,573.0,472.0,4.0,medium,437,0
s2,inprogress,59.0,900.0,3.0,low,217,1
s2,complete,373.0,303.0,1.0,high,565,1
s1,complete,467.0,22.0,5.0,low,725,0
s7,inprogress,594.0,653.0,1.0,high,246,0
s2,inprogress,448.0,557.0,1.0,low,761,0
s4,inprogress,449.0,872.0,6.0,high,521,0
s1,inprogress,491.0,390.0,2.0,low,690,0
s2,complete,61.0,408.0,8.0,medium,828,0
s3,complete,602.0,387.0,8.0,low,120,1
s6,complete,74.0,313.0,9.0,high,104,0
s2,complete,211.0,259.0,8.0,low,448,1
s6,inprogress,698.0,511.0,7.0,medium,66,0
s3,complete,745.0,89.0,5.0,medium,261,0
s2,inprogress,266.0,305.0,8.0,low,784,1
s3,complete,410.0,740.0,2.0,low,63,1
s4,inprogress,775.0,156.0,6.0,high,839,0
s5,complete,483.0,351.0,9.0,high,660,1
s3,inprogress,565.0,678.0,4.0,high,613,1
s5,inprogress,476.0,640.0,1.0,high,661,1
s2,inprogress,645.0,231.0,1.0,low,257,0
s5,complete,13.0,548.0,1.0,low,280,1
s2,complete,323.0,174.0,7.0,medium,83,0
s7,complete,231.0,367.0,4.0,high,618,0
s1,complete,733.0,718.0,2.0,low,516,1
s7,complete,679.0,150.0,8.0,low,99,0
s1,complete,352.0,162.0,4.0,low,900,1
s5,inprogress,734.0,840.0,4.0,low,795,1
s1,complete,300.0,196.0,2.0,low,318,1
s3,inprogress,659.0,785.0,8.0,medium,538,0
s5,inprogress,99.0,133.0,4.0,high,457,0
s1,inprogress,357.0,303.0,6.0,high,115,0
s3,complete,440.0,578.0,5.0,medium,556,1
s4,inprogress,11.0,490.0,1.0,medium,250,1
s5,inprogress,602.0,330.0,3.0,low,234,0
s1,complete,456.0,106.0,3.0,high,621,1
s2,inprogress,475.0,38.0,1.0,high,599,1
s3,inprogress,220.0,876.0,4.0,low,313,1
s6,inprogress,272.0,663.0,9.0,high,452,0
s3,complete,201.0,379.0,5.0,medium,409,1
s6,inprogress,615.0,368.0,2.0,high,359,1
s6,inprogress,736.0,150.0,7.0,high,708,1
s1,complete,165.0,335.0,3.0,medium,581,1
s1,inprogress,708.0,44.0,5.0,high,605,0
s5,complete,327.0,52.0,7.0,low,834,0
s1,inprogress,392.0,282.0,3.0,medium,351,0
s2,complete,743.0,366.0,9.0,medium,569,1
s6,inprogress,516.0,694.0,9.0,high,839,1
s1,complete,181.0,283.0,1.0,medium,91,0
s3,inprogress,175.0,733.0,8.0,low,270,0
s3,inprogress,163.0,215.0,6.0,medium,531,0
s5,complete,326.0,426.0,6.0,high,14,0
s7,inprogress,727.0,397.0,3.0,high,315,0
s1,inprogress,488.0,642.0,5.0,medium,408,0
s3,complete,513.0,347.0,9.0,low,859,0
s4,complete,11.0,452.0,1.0,low,24,0
s2,complete,323.0,690.0,3.0,high,380,1
s1,complete,600.0,896.0,7.0,medium,47,1
s4,inprogress,191.0,548.0,5.0,low,131,1
s4,complete,62.0,891.0,5.0,low,115,1
s7,inprogress,617.0,474.0,2.0,low,414,1
s3,inprogress,16.0,242.0,7.0,high,92,0
s7,inprogress,140.0,840.0,5.0,medium,218,1
s2,complete,553.0,577.0,7.0,medium,426,1
s6,inprogress,444.0,747.0,3.0,low,86,0
s6,complete,331.0,756.0,2.0,high,411,1
s3,inprogress,748.0,645.0,4.0,high,72,0
s5,inprogress,518.0,776.0,6.0,medium,177,0
s2,complete,600.0,731.0,7.0,medium,484,1
s7,inprogress,152.0,602.0,5.0,medium,331,0
s4,complete,35.0,863.0,8.0,high,866,0
s7,inprogress,684.0,331.0,9.0,high,370,1
s4,inprogress,294.0,728.0,3.0,high,432,0
s6,complete,776.0,647.0,9.0,low,561,1
s2,inprogress,209.0,881.0,4.0,medium,452,1
s3,inprogress,160.0,849.0,8.0,low,700,0
s6,complete,743.0,123.0,5.0,low,703,1
s5,inprogress,550.0,101.0,5.0,low,285,0
s4,complete,418.0,250.0,4.0,medium,455,0
s2,inprogress,89.0,151.0,4.0,low,714,1
s5,complete,341.0,731.0,6.0,low,714,1
s7,complete,706.0,332.0,7.0,medium,808,0
s7,inprogress,303.0,208.0,1.0,low,537,1
s5,complete,195.0,679.0,4.0,high,343,1
s3,inprogress,92.0,513.0,8.0,medium,131,1
s6,inprogress,185.0,806.0,9.0,high,569,0
s4,inprogress,320.0,499.0,4.0,medium,718,1
s2,complete,424.0,303.0,8.0,medium,699,1
s7,complete,193.0,24.0,7.0,high,195,1
s6,complete,450.0,451.0,6.0,low,847,0
s3,complete,426.0,370.0,6.0,low,842,1
s5,complete,389.0,91.0,5.0,medium,617,1
s3,inprogress,311.0,41.0,2.0,low,655,0
s5,inprogress,547.0,423.0,4.0,high,877,0
s1,complete,190.0,294.0,5.0,high,128,1
s7,inprogress,137.0,772.0,8.0,low,450,0
s4,inprogress,277.0,720.0,2.0,high,230,0
s1,inprogress,434.0,561.0,4.0,medium,13,1
s1,inprogress,637.0,622.0,6.0,low,298,0
s3,inprogress,386.0,516.0,3.0,high,473,1
s1,complete,182.0,744.0,2.0,low,433,0
s3,inprogress,263.0,146.0,3.0,low,308,1
s4,inprogress,281.0,822.0,2.0,low,417,1
s1,complete,159.0,453.0,6.0,low,847,0
s2,inprogress,43.0,863.0,2.0,medium,322,0
s6,complete,697.0,507.0,2.0,medium,458,0
s6,inprogress,655.0,506.0,3.0,high,849,1
s3,inprogress,127.0,556.0,8.0,medium,123,1
s6,complete,402.0,43.0,7.0,low,141,1
s2,inprogress,482.0,48.0,2.0,medium,676,0
s1,inprogress,299.0,117.0,8.0,low,896,1
s3,complete,319.0,881.0,2.0,medium,861,0
s2,inprogress,288.0,367.0,6.0,medium,134,0
s6,complete,175.0,604.0,4.0,low,735,0
s5,inprogress,170.0,91.0,4.0,high,662,1
s4,inprogress,168.0,143.0,7.0,medium,755,1
s7,complete,784.0,231.0,1.0,medium,328,0
s2,inprogress,296.0,151.0,6.0,low,511,0
s2,inprogress,15.0,835.0,2.0,high,130,0
s4,complete,788.0,294.0,3.0,high,675,1
s6,complete,672.0,841.0,9.0,low,66,0
s1,inprogress,114.0,864.0,5.0,low,345,0
s2,complete,793.0,614.0,4.0,low,446,0
s3,complete,603.0,484.0,1.0,low,479,0
s5,complete,433.0,745.0,1.0,low,587,0
s1,inprogress,256.0,478.0,2.0,medium,536,0
s5,complete,145.0,482.0,3.0,high,486,0
s2,complete,671.0,853.0,1.0,low,880,0
s6,inprogress,588.0,314.0,4.0,high,662,1
s4,complete,519.0,111.0,5.0,high,411,1
s7,complete,375.0,892.0,5.0,low,635,0
s2,complete,11.0,632.0,5.0,low,257,0
s4,complete,265.0,120.0,5.0,medium,601,0
s6,inprogress,278.0,780.0,9.0,low,687,0
s3,complete,150.0,355.0,3.0,high,465,1
s2,complete,693.0,427.0,8.0,high,135,0
s1,inprogress,129.0,680.0,4.0,high,682,0
s5,inprogress,520.0,433.0,3.0,medium,645,1
s6,inprogress,371.0,893.0,9.0,low,577,1
s2,complete,391.0,188.0,5.0,medium,370,1
s2,inprogress,748.0,346.0,4.0,high,533,0
s1,complete,431.0,449.0,5.0,medium,618,1
s3,inprogress,146.0,436.0,4.0,high,92,0
s6,complete,225.0,831.0,3.0,low,675,0
s6,complete,584.0,618.0,5.0,high,41,0
s2,complete,766.0,120.0,9.0,low,775,0
s6,inprogress,284.0,440.0,9.0,high,684,0
s1,complete,187.0,301.0,8.0,medium,390,1
s2,complete,690.0,147.0,4.0,high,67,0
s2,complete,109.0,483.0,8.0,low,762,1
s3,complete,203.0,167.0,9.0,high,673,0
s6,complete,412.0,813.0,1.0,high,348,0
s6,complete,769.0,579.0,7.0,high,423,0
s2,inprogress,38.0,132.0,8.0,high,38,1
s1,inprogress,411.0,620.0,8.0,high,176,0
s1,complete,735.0,799.0,9.0,medium,560,1
s2,complete,98.0,796.0,7.0,low,206,1
s4,complete,28.0,506.0,9.0,low,311,1
s5,inprogress,27.0,687.0,8.0,high,320,1
s3,complete,473.0,172.0,7.0,medium,27,0
s7,inprogress,666.0,824.0,2.0,high,247,1
s1,inprogress,511.0,295.0,9.0,medium,522,1
s1,inprogress,345.0,508.0,1.0,low,680,1
s2,complete,624.0,490.0,5.0,low,762,1
s5,complete,47.0,264.0,6.0,medium,676,1
s7,inprogress,221.0,187.0,3.0,medium,575,1
s5,complete,188.0,258.0,6.0,medium,552,1
s4,complete,367.0,517.0,3.0,low,607,0
s3,complete,224.0,140.0,2.0,medium,646,1
s4,inprogress,673.0,343.0,3.0,high,141,1
s1,inprogress,353.0,800.0,9.0,low,262,1
s6,complete,411.0,247.0,4.0,high,172,1
s7,inprogress,663.0,285.0,8.0,low,743,1
s2,complete,709.0,396.0,4.0,medium,56,0
s7,inprogress,725.0,45.0,1.0,low,500,1
s2,complete,578.0,314.0,8.0,high,429,0
s3,inprogress,257.0,240.0,4.0,high,579,1
s1,complete,317.0,567.0,9.0,high,373,0
s5,complete,551.0,799.0,3.0,low,281,1
s5,complete,481.0,508.0,3.0,medium,58,0
s6,complete,196.0,453.0,8.0,low,547,0
s1,inprogress,726.0,250.0,7.0,low,187,0
s7,inprogress,340.0,814.0,3.0,high,648,0
s4,complete,294.0,702.0,4.0,medium,666,0
s1,inprogress,480.0,67.0,2.0,low,135,0
s7,complete,317.0,33.0,4.0,low,752,0
s1,complete,191.0,842.0,7.0,low,643,0
s4,inprogress,164.0,174.0,7.0,high,840,1
s4,inprogress,606.0,146.0,2.0,low,382,1
s6,inprogress,198.0,20.0,3.0,high,327,0
s3,complete,588.0,310.0,1.0,medium,574,1
s6,inprogress,574.0,810.0,5.0,low,298,1
s1,complete,717.0,599.0,2.0,low,511,1
s7,complete,101.0,408.0,6.0,medium,295,0
s5,inprogress,634.0,542.0,5.0,medium,738,1
s4,inprogress,757.0,701.0,1.0,low,371,0
s2,complete,114.0,363.0,6.0,high,272,0
s4,inprogress,12.0,757.0,9.0,high,579,0
s2,complete,784.0,90.0,4.0,high,361,0
s2,complete,634.0,405.0,1.0,high,481,1
s2,complete,735.0,352.0,1.0,medium,473,1
s4,inprogress,408.0,420.0,9.0,high,487,0
s3,complete,728.0,247.0,2.0,high,160,1
s6,inprogress,731.0,208.0,7.0,high,388,1
s5,complete,424.0,233.0,2.0,medium,485,0
s2,complete,701.0,873.0,2.0,high,721,1
s1,inprogress,796.0,777.0,4.0,medium,808,1
s3,inprogress,540.0,899.0,9.0,low,887,1
s7,complete,120.0,657.0,4.0,low,603,0
s5,inprogress,270.0,460.0,9.0,medium,435,0
s2,inprogress,208.0,687.0,2.0,low,687,1
s2,complete,222.0,251.0,9.0,high,75,1
s1,complete,664.0,739.0,5.0,low,311,0
s7,inprogress,549.0,193.0,1.0,high,588,0
s2,inprogress,361.0,279.0,6.0,low,861,0
s4,inprogress,176.0,643.0,9.0,high,278,0
s1,inprogress,251.0,134.0,1.0,low,711,1
s2,complete,784.0,779.0,5.0,medium,750,1
s3,complete,785.0,897.0,2.0,low,677,0
s6,complete,339.0,664.0,8.0,high,15,1
s2,complete,670.0,348.0,4.0,low,731,0
s6,inprogress,434.0,824.0,3.0,medium,675,0
s3,complete,249.0,507.0,2.0,medium,635,0
s2,inprogress,57.0,111.0,3.0,low,341,0
s3,complete,297.0,363.0,6.0,low,713,1
s4,inprogress,245.0,205.0,8.0,high,310,1
s5,complete,504.0,246.0,4.0,high,736,1
s3,inprogress,290.0,262.0,2.0,high,549,0
s5,inprogress,16.0,205.0,6.0,high,859,1
s2,inprogress,698.0,120.0,5.0,low,525,0
s5,complete,774.0,683.0,5.0,low,265,0
s2,complete,569.0,315.0,1.0,medium,823,0
s7,complete,535.0,527.0,1.0,high,853,0
s1,complete,386.0,268.0,7.0,low,848,0
s7,complete,155.0,591.0,2.0,low,19,1
s1,complete,696.0,358.0,2.0,low,490,0
s5,inprogress,199.0,422.0,6.0,low,469,1
s1,complete,162.0,732.0,7.0,low,652,1
s3,inprogress,287.0,353.0,9.0,medium,819,1
s5,inprogress,746.0,283.0,8.0,high,402,0
s1,inprogress,591.0,818.0,8.0,high,822,1
s3,complete,468.0,81.0,8.0,medium,502,1
s4,inprogress,386.0,826.0,2.0,medium,254,1
s5,inprogress,168.0,448.0,5.0,low,646,1
s1,complete,300.0,659.0,5.0,high,808,1
s2,inprogress,373.0,854.0,1.0,high,835,0
s3,inprogress,660.0,384.0,6.0,low,409,0
s6,inprogress,217.0,812.0,1.0,high,137,0
s3,complete,320.0,354.0,3.0,medium,618,1
s6,inprogress,443.0,29.0,9.0,high,744,1
s6,inprogress,643.0,65.0,2.0,high,710,1
s1,complete,203.0,875.0,6.0,medium,285,0
s1,inprogress,205.0,378.0,1.0,high,539,0
s5,complete,315.0,515.0,1.0,low,440,0
s1,inprogress,451.0,885.0,2.0,medium,850,1
s2,complete,357.0,575.0,7.0,medium,321,0
s6,inprogress,599.0,819.0,1.0,high,604,1
s1,complete,621.0,146.0,5.0,medium,738,1
s3,inprogress,537.0,424.0,2.0,low,496,0
s3,inprogress,504.0,895.0,3.0,medium,351,0
s5,complete,264.0,500.0,6.0,high,316,1
s7,inprogress,90.0,259.0,5.0,high,842,1
s1,inprogress,607.0,863.0,4.0,medium,354,1
s3,complete,735.0,799.0,6.0,low,188,0
s4,complete,395.0,376.0,1.0,low,28,1
s2,complete,257.0,168.0,7.0,high,886,1
s1,complete,603.0,337.0,3.0,medium,610,1
s4,inprogress,348.0,155.0,5.0,low,91,0
s4,complete,760.0,408.0,2.0,low,25,0
s7,inprogress,508.0,260.0,4.0,low,500,0
s3,inprogress,54.0,532.0,6.0,high,223,0
s7,inprogress,346.0,682.0,4.0,medium,763,1
s2,complete,483.0,394.0,8.0,medium,96,0
s6,inprogress,30.0,674.0,7.0,low,429,1
s6,complete,272.0,435.0,4.0,high,524,0
s3,inprogress,298.0,788.0,6.0,high,311,1
s5,inprogress,187.0,496.0,3.0,medium,11,0
s2,complete,63.0,680.0,3.0,medium,167,0
s7,inprogress,414.0,225.0,8.0,medium,41,0
s4,complete,786.0,684.0,9.0,high,40,0
s7,inprogress,183.0,61.0,4.0,high,338,1
s4,inprogress,251.0,96.0,3.0,high,68,1
s6,complete,655.0,170.0,3.0,low,896,0
s2,inprogress,101.0,443.0,2.0,medium,325,0
s3,inprogress,507.0,211.0,3.0,low,193,0
s6,complete,114.0,31.0,3.0,low,180,0
s5,inprogress,252.0,554.0,7.0,low,167,1
s4,complete,737.0,581.0,6.0,medium,694,1
s2,inprogress,570.0,330.0,3.0,low,717,1
s5,complete,134.0,632.0,4.0,low,733,0
s7,complete,46.0,618.0,7.0,medium,97,0
s7,inprogress,138.0,429.0,3.0,low,674,1
s5,complete,319.0,497.0,6.0,high,331,1
s3,inprogress,353.0,370.0,3.0,medium,892,0
s6,inprogress,211.0,480.0,2.0,high,577,0
s4,inprogress,320.0,550.0,6.0,medium,581,0
s2,complete,370.0,326.0,9.0,medium,329,0
s7,complete,616.0,508.0,7.0,high,892,1
s6,complete,202.0,734.0,6.0,low,264,0
s3,complete,785.0,869.0,9.0,low,648,1
s5,complete,92.0,652.0,3.0,medium,600,0
s3,inprogress,314.0,482.0,2.0,low,775,1
s5,inprogress,333.0,486.0,6.0,high,684,1
s1,complete,587.0,146.0,8.0,high,330,1
s7,inprogress,54.0,739.0,4.0,low,250,0
s4,inprogress,397.0,578.0,8.0,high,351,1
s1,inprogress,359.0,105.0,9.0,medium,408,0
s1,inprogress,606.0,849.0,7.0,low,306,0
s3,inprogress,317.0,392.0,4.0,high,242,0
s1,complete,248.0,175.0,1.0,low,333,1
s3,inprogress,572.0,879.0,5.0,low,456,0
s4,inprogress,177.0,767.0,6.0,low,585,0
s1,complete,131.0,472.0,6.0,low,81,0
s2,inprogress,750.0,485.0,3.0,medium,399,0
s6,complete,102.0,578.0,3.0,medium,882,1
s6,inprogress,610.0,388.0,1.0,high,142,1
s3,inprogress,486.0,822.0,8.0,medium,42,0
s6,complete,233.0,782.0,9.0,low,554,1
s2,inprogress,788.0,151.0,5.0,medium,454,0
s1,inprogress,695.0,766.0,9.0,low,413,0
s3,complete,427.0,348.0,3.0,medium,150,1
s2,inprogress,239.0,398.0,6.0,medium,415,0
s6,complete,299.0,352.0,8.0,low,345,1
s5,inprogress,220.0,303.0,6.0,high,32,0
s4,inprogress,732.0,637.0,1.0,medium,593,1
s7,complete,151.0,271.0,2.0,medium,289,0
s2,inprogress,546.0,748.0,6.0,low,391,0
s2,inprogress,584.0,67.0,3.0,high,666,0
s4,complete,677.0,173.0,3.0,high,448,0
s6,complete,81.0,383.0,7.0,low,835,1
s1,inprogress,624.0,705.0,6.0,low,200,1
s2,complete,378.0,341.0,9.0,low,456,1
s3,complete,389.0,216.0,3.0,low,470,1
s5,complete,67.0,274.0,1.0,low,77,0
s1,inprogress,516.0,365.0,3.0,medium,242,0
s5,complete,42.0,426.0,9.0,high,664,1
s2,complete,368.0,342.0,8.0,low,691,1
s6,inprogress,147.0,705.0,8.0,high,678,0
s4,complete,186.0,878.0,4.0,high,558,0
s7,complete,586.0,797.0,3.0,low,491,0
s2,complete,774.0,887.0,9.0,low,237,0
s4,complete,346.0,442.0,5.0,medium,532,1
s6,inprogress,624.0,401.0,7.0,low,396,0
s3,complete,124.0,553.0,4.0,high,494,1
s2,complete,542.0,825.0,5.0,high,113,1
s1,inprogress,475.0,703.0,1.0,high,558,0
s5,inprogress,111.0,233.0,6.0,medium,180,1
s6,inprogress,714.0,458.0,5.0,low,65,1
s2,complete,105.0,332.0,9.0,medium,126,0
s2,inprogress,776.0,436.0,3.0,high,589,0
s1,complete,482.0,677.0,4.0,medium,545,1
s3,inprogress,466.0,721.0,2.0,high,768,0
s6,complete,597.0,656.0,8.0,low,799,1
s6,complete,413.0,886.0,4.0,high,319,1
s2,complete,513.0,861.0,6.0,low,775,1
s6,inprogress,81.0,710.0,6.0,high,110,1
s1,complete,337.0,661.0,2.0,medium,615,1
s2,complete,745.0,423.0,7.0,high,552,1
s2,complete,582.0,470.0,9.0,low,562,0
s3,complete,319.0,325.0,7.0,high,447,1
s6,complete,618.0,459.0,8.0,high,370,0
s6,complete,703.0,320.0,2.0,high,418,1
s2,inprogress,336.0,668.0,3.0,high,876,0
s1,inprogress,348.0,811.0,9.0,high,782,1
s1,complete,736.0,121.0,6.0,medium,81,0
s2,complete,114.0,165.0,6.0,low,664,0
s4,complete,317.0,892.0,4.0,low,826,0
s5,inprogress,566.0,177.0,8.0,high,262,0
s3,complete,612.0,454.0,1.0,medium,478,1
s7,inprogress,571.0,114.0,9.0,high,88,1
s1,inprogress,431.0,577.0,8.0,medium,24,0
s1,inprogress,513.0,336.0,3.0,low,50,0
s2,complete,360.0,415.0,2.0,low,89,1
s5,complete,585.0,490.0,8.0,medium,438,1
s7,inprogress,521.0,435.0,3.0,medium,231,0
s5,complete,575.0,524.0,3.0,medium,478,1
s4,complete,110.0,27.0,8.0,low,837,1
s3,complete,43.0,46.0,7.0,medium,315,1
s4,inprogress,349.0,83.0,7.0,high,38,0
s1,inprogress,127.0,787.0,6.0,low,266,0
s6,complete,466.0,867.0,5.0,high,58,0
s7,inprogress,487.0,745.0,3.0,low,569,1
s2,complete,166.0,383.0,3.0,medium,238,1
s7,inprogress,773.0,485.0,1.0,low,340,1
s2,complete,469.0,189.0,4.0,high,619,0
s3,inprogress,588.0,859.0,3.0,high,499,1
s1,complete,444.0,747.0,2.0,high,94,0
s5,complete,387.0,728.0,2.0,low,857,0
s5,complete,223.0,203.0,3.0,medium,320,0
s6,complete,728.0,225.0,8.0,low,831,0
s1,inprogress,587.0,553.0,6.0,low,517,0
s7,inprogress,691.0,292.0,4.0,high,215,0
s4,complete,592.0,841.0,5.0,medium,229,0
s1,inprogress,596.0,718.0,8.0,low,749,0
s7,complete,578.0,652.0,1.0,low,70,0
s1,complete,226.0,32.0,4.0,low,673,1
s4,inprogress,788.0,332.0,2.0,high,673,0
s4,inprogress,530.0,659.0,6.0,low,300,0
s6,inprogress,242.0,322.0,4.0,high,475,0
s3,complete,207.0,511.0,5.0,medium,479,0
s6,inprogress,422.0,566.0,7.0,low,230,0
s1,complete,472.0,597.0,3.0,low,888,0
s7,complete,327.0,557.0,7.0,medium,716,0
s5,inprogress,36.0,801.0,7.0,medium,407,0
s4,inprogress,86.0,490.0,7.0,low,401,1
s2,complete,43.0,589.0,1.0,high,872,1
s4,inprogress,80.0,407.0,4.0,high,248,1
s2,complete,393.0,471.0,9.0,high,446,0
s2,complete,506.0,394.0,9.0,high,150,1
s2,complete,518.0,390.0,2.0,medium,335,0
s4,inprogress,485.0,693.0,8.0,high,881,0
s3,complete,395.0,76.0,1.0,high,847,0
s6,inprogress,249.0,900.0,1.0,high,490,0
s5,complete,340.0,53.0,9.0,medium,389,0
s2,complete,553.0,807.0,9.0,high,424,1
s1,inprogress,647.0,707.0,6.0,medium,597,1
s3,inprogress,88.0,831.0,2.0,low,253,0
s7,complete,360.0,65.0,5.0,low,469,0
s5,inprogress,227.0,152.0,1.0,medium,813,0
s2,inprogress,501.0,507.0,3.0,low,621,0
s2,complete,47.0,329.0,5.0,high,144,0
s1,complete,30.0,182.0,4.0,low,554,0
s7,inprogress,460.0,252.0,8.0,high,456,1
s2,inprogress,686.0,402.0,1.0,low,337,1
s4,inprogress,788.0,761.0,6.0,high,811,0
s1,inprogress,325.0,884.0,4.0,low,314,1
s2,complete,572.0,200.0,4.0,medium,476,0
s3,complete,614.0,194.0,4.0,low,70,1
s6,complete,518.0,313.0,1.0,high,298,1
s2,complete,203.0,806.0,1.0,low,792,1
s6,inprogress,529.0,738.0,6.0,medium,357,1
s3,complete,65.0,290.0,3.0,medium,140,0
s2,inprogress,54.0,574.0,8.0,low,416,0
s3,complete,296.0,572.0,4.0,low,841,0
s4,inprogress,490.0,57.0,7.0,high,462,1
s5,complete,785.0,124.0,4.0,high,710,1
s3,inprogress,362.0,232.0,1.0,high,656,0
s5,inprogress,792.0,288.0,1.0,high,597,1
s2,inprogress,681.0,290.0,8.0,low,891,1
s5,complete,20.0,825.0,4.0,low,808,0
s2,complete,342.0,865.0,4.0,medium,782,0
s7,complete,679.0,701.0,4.0,high,557,1
s1,complete,146.0,750.0,9.0,low,619,0
s7,complete,341.0,307.0,4.0,low,180,0
s1,complete,577.0,603.0,4.0,low,28,0
s5,inprogress,454.0,820.0,9.0,low,366,1
s1,complete,641.0,308.0,6.0,low,867,1
s3,inprogress,69.0,429.0,5.0,medium,254,1
s5,inprogress,237.0,569.0,4.0,high,67,1
s1,inprogress,466.0,410.0,8.0,high,724,1
s3,complete,349.0,498.0,8.0,medium,515,1
s4,inprogress,123.0,634.0,3.0,medium,778,1
s5,inprogress,603.0,678.0,3.0,low,340,0
s1,complete,676.0,53.0,5.0,high,469,1
s2,inprogress,165.0,422.0,5.0,high,804,0
s3,inprogress,133.0,409.0,1.0,low,151,0
s6,inprogress,730.0,770.0,6.0,high,653,0
s3,complete,72.0,414.0,9.0,medium,181,0
s6,inprogress,330.0,39.0,8.0,high,122,0
s6,inprogress,166.0,282.0,5.0,high,552,0
s1,complete,439.0,63.0,2.0,medium,380,0
s1,inprogress,95.0,603.0,2.0,high,400,1
s5,complete,327.0,129.0,8.0,low,590,1
s1,inprogress,71.0,239.0,3.0,medium,341,0
s2,complete,356.0,784.0,3.0,medium,659,1
s6,inprogress,169.0,788.0,9.0,high,770,0
s1,complete,715.0,33.0,6.0,medium,791,1
s3,inprogress,665.0,581.0,3.0,low,837,1
s3,inprogress,470.0,169.0,7.0,medium,202,1
s5,complete,614.0,495.0,4.0,high,424,0
s7,inprogress,278.0,721.0,7.0,high,46,0
s1,inprogress,256.0,121.0,6.0,medium,363,1
s3,complete,755.0,516.0,3.0,low,395,0
s4,complete,214.0,396.0,9.0,low,893,1
s2,complete,301.0,400.0,6.0,high,887,1
s1,complete,352.0,280.0,4.0,medium,452,1
s4,inprogress,738.0,724.0,9.0,low,402,1
s4,complete,23.0,444.0,9.0,low,342,0
s7,inprogress,595.0,632.0,7.0,low,15,1
s3,inprogress,124.0,814.0,7.0,high,453,1
s7,inprogress,70.0,383.0,5.0,medium,166,0
s2,complete,390.0,517.0,5.0,medium,547,1
s6,inprogress,409.0,209.0,5.0,low,540,0
s6,complete,143.0,382.0,2.0,high,654,1
s3,inprogress,578.0,709.0,3.0,high,577,0
s5,inprogress,562.0,666.0,5.0,medium,602,0
s2,complete,415.0,274.0,3.0,medium,13,1
s7,inprogress,661.0,609.0,5.0,medium,178,0
s4,complete,594.0,565.0,3.0,high,463,1
s7,inprogress,108.0,639.0,5.0,high,242,1
s4,inprogress,57.0,341.0,7.0,high,617,0
s6,complete,42.0,453.0,9.0,low,20,0
s2,inprogress,271.0,548.0,1.0,medium,582,0
s3,inprogress,234.0,725.0,3.0,low,416,1
s6,complete,134.0,634.0,6.0,low,455,0
s5,inprogress,745.0,441.0,1.0,low,714,0
s4,complete,106.0,99.0,7.0,medium,153,1
s2,inprogress,260.0,539.0,9.0,low,161,0
s5,complete,610.0,326.0,9.0,low,431,1
s7,complete,333.0,754.0,6.0,medium,123,1
s7,inprogress,164.0,218.0,9.0,low,190,1
s5,complete,185.0,479.0,1.0,high,610,1
s3,inprogress,175.0,507.0,5.0,medium,897,0
s6,inprogress,535.0,482.0,2.0,high,626,1
s4,inprogress,611.0,76.0,9.0,medium,143,1
s2,complete,407.0,783.0,4.0,medium,331,0
s7,complete,90.0,702.0,4.0,high,296,0
s6,complete,730.0,534.0,5.0,low,151,1
s3,complete,699.0,606.0,4.0,low,330,1
s5,complete,677.0,69.0,8.0,medium,311,1
s3,inprogress,778.0,52.0,4.0,low,883,1
s5,inprogress,172.0,633.0,5.0,high,558,0
s1,complete,442.0,254.0,4.0,high,374,0
s7,inprogress,405.0,754.0,2.0,low,521,0
s4,inprogress,141.0,889.0,8.0,high,617,0
s1,inprogress,370.0,705.0,2.0,medium,796,0
s1,inprogress,389.0,818.0,1.0,low,262,0
s3,inprogress,520.0,114.0,9.0,high,284,0
s1,complete,730.0,97.0,1.0,low,488,1
s3,inprogress,46.0,124.0,5.0,low,80,1
s4,inprogress,651.0,22.0,7.0,low,251,0
s1,complete,627.0,458.0,3.0,low,31,0
s2,inprogress,570.0,404.0,4.0,medium,483,1
s6,complete,329.0,110.0,4.0,medium,658,0
s6,inprogress,555.0,757.0,1.0,high,511,1
s3,inprogress,669.0,528.0,5.0,medium,254,1
s6,complete,208.0,712.0,9.0,low,55,1
s2,inprogress,237.0,493.0,2.0,medium,834,1
s1,inprogress,663.0,239.0,8.0,low,895,1
s3,complete,342.0,839.0,8.0,medium,313,0
s2,inprogress,241.0,826.0,1.0,medium,327,1
s6,complete,326.0,401.0,7.0,low,860,0
s5,inprogress,422.0,252.0,4.0,high,49,0
s4,inprogress,65.0,779.0,7.0,medium,478,0
s7,complete,577.0,378.0,5.0,medium,18,1
s2,inprogress,723.0,508.0,9.0,low,523,1
s2,inprogress,139.0,120.0,2.0,high,855,0
s4,complete,174.0,768.0,8.0,high,681,1
s6,complete,512.0,753.0,5.0,low,281,1
s1,inprogress,536.0,198.0,5.0,low,42,0
s2,complete,467.0,552.0,9.0,low,572,0
s3,complete,299.0,342.0,9.0,low,357,1
s5,complete,218.0,497.0,1.0,low,270,1
s1,inprogress,299.0,153.0,3.0,medium,434,0
s5,complete,536.0,244.0,8.0,high,524,1
s2,complete,665.0,265.0,3.0,low,157,0
s6,inprogress,399.0,786.0,9.0,high,805,0
s4,complete,667.0,729.0,4.0,high,702,0
s7,complete,552.0,868.0,2.0,low,513,1
s2,complete,364.0,841.0,1.0,low,79,1
s4,complete,473.0,660.0,5.0,medium,502,0
s6,inprogress,287.0,784.0,2.0,low,717,1
s3,complete,53.0,610.0,3.0,high,529,0
s2,complete,767.0,222.0,9.0,high,278,0
s1,inprogress,310.0,374.0,4.0,high,242,0
s5,inprogress,57.0,426.0,5.0,medium,393,1
s6,inprogress,361.0,278.0,2.0,low,81,0
s2,complete,393.0,72.0,6.0,medium,309,0
s2,inprogress,354.0,82.0,2.0,high,624,0
s1,complete,47.0,534.0,2.0,medium,641,0
s3,inprogress,92.0,865.0,8.0,high,119,1
s6,complete,605.0,212.0,2.0,low,162,1
s6,complete,58.0,736.0,8.0,high,477,1
s2,complete,262.0,269.0,9.0,low,403,0
s6,inprogress,383.0,383.0,2.0,high,870,1
s1,complete,94.0,537.0,7.0,medium,459,1
s2,complete,337.0,161.0,4.0,high,54,0
s2,complete,22.0,826.0,7.0,low,13,0
s3,complete,745.0,131.0,7.0,high,53,1
s6,complete,600.0,647.0,4.0,high,353,1
s6,complete,595.0,204.0,8.0,high,343,1
s2,inprogress,621.0,857.0,3.0,high,617,0
s1,inprogress,675.0,258.0,8.0,high,225,1
s1,complete,215.0,888.0,5.0,medium,345,1
s2,complete,515.0,643.0,9.0,low,881,1
s4,complete,55.0,388.0,2.0,low,823,1
s5,inprogress,740.0,189.0,5.0,high,587,0
s3,complete,688.0,876.0,6.0,medium,14,1
s7,inprogress,115.0,293.0,6.0,high,470,1
s1,inprogress,48.0,832.0,8.0,medium,857,0
s1,inprogress,144.0,163.0,7.0,low,36,0
s2,complete,317.0,289.0,5.0,low,349,0
s5,complete,135.0,637.0,8.0,medium,326,0
s7,inprogress,77.0,841.0,2.0,medium,508,0
s5,complete,588.0,382.0,9.0,medium,296,0
s4,complete,137.0,501.0,2.0,low,85,0
s3,complete,718.0,499.0,9.0,medium,355,1
s4,inprogress,369.0,616.0,7.0,high,55,0
s1,inprogress,241.0,834.0,4.0,low,264,0
s6,complete,39.0,446.0,4.0,high,472,1
s7,inprogress,548.0,579.0,9.0,low,215,1
s2,complete,721.0,278.0,5.0,medium,22,1
s7,inprogress,689.0,590.0,6.0,low,28,1
s2,complete,385.0,405.0,1.0,high,531,1
s3,inprogress,640.0,132.0,3.0,high,744,1
s1,complete,34.0,383.0,1.0,high,709,1
s5,complete,601.0,67.0,2.0,low,317,1
s5,complete,588.0,819.0,7.0,medium,558,0
s6,complete,503.0,69.0,6.0,low,144,1
s1,inprogress,294.0,500.0,8.0,low,733,1
s7,inprogress,502.0,547.0,4.0,high,603,1
s4,complete,155.0,641.0,7.0,medium,245,1
s1,inprogress,526.0,277.0,3.0,low,51,0
s7,complete,312.0,419.0,2.0,low,643,1
s1,complete,237.0,261.0,7.0,low,158,0
s4,inprogress,605.0,748.0,1.0,high,552,1
s4,inprogress,48.0,666.0,1.0,low,805,0
s6,inprogress,235.0,900.0,2.0,high,73,0
s3,complete,389.0,707.0,6.0,medium,426,1
s6,inprogress,726.0,176.0,9.0,low,321,0
s1,complete,709.0,510.0,7.0,low,355,0
s7,complete,486.0,523.0,5.0,medium,281,1
s5,inprogress,357.0,176.0,6.0,medium,518,1
s4,inprogress,660.0,565.0,4.0,low,369,0
s2,complete,610.0,546.0,8.0,high,789,0
s4,inprogress,732.0,112.0,5.0,high,453,0
s2,complete,115.0,428.0,3.0,high,290,1
s2,complete,405.0,887.0,1.0,high,222,1
s2,complete,11.0,117.0,4.0,medium,45,0
s4,inprogress,643.0,758.0,9.0,high,357,1
s3,complete,121.0,718.0,3.0,high,46,0
s6,inprogress,472.0,320.0,9.0,high,135,1
s5,complete,763.0,788.0,5.0,medium,705,0
s2,complete,770.0,440.0,7.0,high,72,0
s1,inprogress,543.0,366.0,3.0,medium,473,0
s3,inprogress,524.0,664.0,4.0,low,855,0
s7,complete,338.0,110.0,8.0,low,605,1
s5,inprogress,384.0,78.0,5.0,medium,12,0
s2,inprogress,261.0,858.0,3.0,low,148,0
s2,complete,539.0,508.0,8.0,high,556,0
s1,complete,97.0,249.0,7.0,low,382,0
s7,inprogress,799.0,354.0,2.0,high,769,1
s2,inprogress,122.0,61.0,3.0,low,837,0
s4,inprogress,58.0,849.0,5.0,high,364,1
s1,inprogress,159.0,846.0,7.0,low,257,0
s2,complete,247.0,310.0,1.0,medium,655,1
s3,complete,445.0,407.0,5.0,low,889,0
s6,complete,674.0,237.0,9.0,high,602,1
s2,complete,765.0,286.0,4.0,low,748,0
s6,inprogress,124.0,502.0,3.0,medium,235,1
s3,complete,742.0,258.0,5.0,medium,338,1
s2,inprogress,308.0,573.0,8.0,low,900,0
s3,complete,36.0,46.0,1.0,low,661,1
s4,inprogress,63.0,701.0,8.0,high,250,0
s5,complete,706.0,619.0,5.0,high,574,1
s3,inprogress,670.0,861.0,2.0,high,660,0
s5,inprogress,370.0,226.0,6.0,high,304,1
s2,inprogress,699.0,252.0,8.0,low,258,0
s5,complete,155.0,721.0,2.0,low,469,1
s2,complete,53.0,289.0,7.0,medium,765,0
s7,complete,76.0,629.0,1.0,high,153,1
s1,complete,329.0,356.0,1.0,low,457,0
s7,complete,299.0,608.0,3.0,low,619,0
s1,complete,637.0,484.0,9.0,low,898,0
s5,inprogress,682.0,82.0,8.0,low,455,0
s1,complete,513.0,192.0,2.0,low,505,0
s3,inprogress,481.0,508.0,3.0,medium,223,0
s5,inprogress,796.0,626.0,9.0,high,247,0
s1,inprogress,699.0,290.0,9.0,high,285,1
s3,complete,787.0,373.0,9.0,medium,860,0
s4,inprogress,745.0,409.0,2.0,medium,876,1
s5,inprogress,347.0,691.0,1.0,low,504,0
s1,complete,568.0,378.0,1.0,high,425,0
s2,inprogress,795.0,514.0,2.0,high,251,0
s3,inprogress,660.0,462.0,1.0,low,316,1
s6,inprogress,31.0,186.0,5.0,high,74,0
s3,complete,616.0,415.0,9.0,medium,264,0
s6,inprogress,475.0,99.0,2.0,high,627,0
s6,inprogress,524.0,306.0,8.0,high,659,0
s1,complete,398.0,707.0,3.0,medium,375,1
s1,inprogress,659.0,717.0,7.0,high,812,1
s5,complete,117.0,698.0,6.0,low,633,1
s1,inprogress,155.0,503.0,1.0,medium,261,0
s2,complete,621.0,623.0,2.0,medium,650,0
s6,inprogress,170.0,855.0,5.0,high,212,1
s1,complete,468.0,894.0,4.0,medium,362,0
s3,inprogress,625.0,780.0,5.0,low,756,1
s3,inprogress,631.0,251.0,2.0,medium,332,1
s5,complete,244.0,193.0,6.0,high,160,1
s7,inprogress,165.0,420.0,5.0,high,780,1
s1,inprogress,648.0,402.0,2.0,medium,738,0
s3,complete,713.0,877.0,9.0,low,218,1
s4,complete,339.0,764.0,7.0,low,408,1
s2,complete,780.0,612.0,4.0,high,193,1
s1,complete,281.0,50.0,9.0,medium,119,1
s4,inprogress,312.0,436.0,4.0,low,771,1
s4,complete,521.0,31.0,1.0,low,616,1
s7,inprogress,497.0,78.0,4.0,low,434,0
s3,inprogress,799.0,413.0,6.0,high,599,0
s7,inprogress,616.0,338.0,8.0,medium,262,0
s2,complete,410.0,272.0,5.0,medium,579,1
s6,inprogress,422.0,541.0,1.0,low,833,1
s6,complete,192.0,424.0,3.0,high,343,0
s3,inprogress,352.0,631.0,6.0,high,765,0
s5,inprogress,203.0,438.0,9.0,medium,402,1
s2,complete,92.0,500.0,9.0,medium,338,0
s7,inprogress,300.0,128.0,8.0,medium,172,1
s4,complete,569.0,411.0,3.0,high,857,0
s7,inprogress,703.0,79.0,3.0,high,635,1
s4,inprogress,147.0,562.0,9.0,high,823,0
s6,complete,97.0,836.0,4.0,low,44,1
